120,GDS-21101
157,GDS-21111
180,GDS-2072
1126,GDS-90043
1566,GDS-90523
1745,GDS-90300
1747,GDS-90529
1748,GDS-90301
1750,GDS-90291
1751,GDS-90197
1871,GDS-90530
1941,GDS-90299
2145,GDS-90493
2310,GDS-90319
2335,GDS-1406
2339,GDS-715
2340,GDS-90001
2341,GDS-984
2357,GDS-572
2362,GDS-781
2362a,GDS-781
2362b,GDS-781
2376,GDS-1152
2387,GDS-90258
2389,GDS-90259
2391,GDS-1592
2395,GDS-90255
2397,GDS-90080
2400,GDS-90437
2403,GDS-90256
2412,GDS-602
2412a,GDS-602
2412b,GDS-602
2413,GDS-897
2415,GDS-2197
2417,GDS-1437
2419,GDS-703
2420,GDS-585
2421,GDS-2034
2423,GDS-1439
2429,GDS-807
2430,GDS-808
2431,GDS-563
2431p02,GDS-563
2432,GDS-796
2433,GDS-90382
2436,GDS-638
2437,GDS-1487
2438,GDS-90516
2441,GDS-90274
2442,GDS-90517
2444,GDS-848
2445,GDS-515
2447,GDS-2066
2449,GDS-864
2450,GDS-556
2452,GDS-90016
2453,GDS-866
2453a,GDS-866
2453b,GDS-866
2454,GDS-740
2454a,GDS-740
2454b,GDS-740
2456,GDS-543
2457,GDS-90257
2458,GDS-956
2460,GDS-932
2462,GDS-862
2463,GDS-2229
2464,GDS-2228
2465,GDS-539
2476,GDS-902
2476a,GDS-902
2476b,GDS-902
2479,GDS-1185
2486,GDS-2116
2488,GDS-90125
2489,GDS-M177
2493,GDS-1575
2494,GDS-2188
2496,GDS-2198
2507,GDS-90509
2508,GDS-1162
2525,GDS-M276
2540,GDS-644
2546,GDS-90102
2551,GDS-90132
2554,GDS-90436
2555,GDS-818
2566,GDS-1217
2569,GDS-1328
2570,GDS-M370
2571,GDS-M120
2577,GDS-1014
2585,GDS-90205
2586,GDS-M201
2607,GDS-1585
2637,GDS-M275
2639,GDS-696
2653,GDS-1193
2654,GDS-608
2682,GDS-90531
2712,GDS-90308
2714,GDS-2019
2719,GDS-90310
2723,GDS-1268
2730,GDS-628
2736,GDS-890
2741,GDS-1463
2743,GDS-1330
2744,GDS-1331
2748,GDS-1202
2780,GDS-889
2815,GDS-1280
2817,GDS-847
2819,GDS-1283
2825,GDS-967
2850,GDS-1148
2850a,GDS-1148
2850b,GDS-1148
2851,GDS-1149
2852,GDS-1150
2853,GDS-1034
2854,GDS-1225
2873,GDS-90228
2877,GDS-797
2905,GDS-969
2907,GDS-90364
2921,GDS-653
2926,GDS-1067
3001,GDS-542
3002,GDS-541
3003,GDS-540
3004,GDS-532
3005,GDS-531
3006,GDS-545
3007,GDS-544
3008,GDS-536
3009,GDS-535
3010,GDS-534
3020,GDS-511
3021,GDS-510
3022,GDS-509
3023,GDS-502
3024,GDS-501
3027,GDS-558
3028,GDS-526
3029,GDS-557
3030,GDS-522
3031,GDS-519
3032,GDS-520
3033,GDS-525
3034,GDS-513
3035,GDS-521
3036,GDS-524
3037,GDS-591
3038,GDS-590
3039,GDS-589
3040,GDS-588
3040a,GDS-588
3040b,GDS-588
3041,GDS-901
3043,GDS-836
3044,GDS-835
3044a,GDS-835
3044b,GDS-835
3044c,GDS-835
3045,GDS-621
3046,GDS-721
3046a,GDS-721
3046b,GDS-721
3048a,GDS-834
3048b,GDS-834
3049,GDS-1063
3049a,GDS-1063
3049c,GDS-1063
3049d,GDS-1063
3062,GDS-605
3062a,GDS-605
3062b,GDS-605
3063a,GDS-799
3063b,GDS-799
3065,GDS-1545
3066,GDS-534
3067,GDS-90329
3068,GDS-561
3068a,GDS-561
3068b,GDS-561
3068bpr0014,GDS-1425
3069,GDS-566
3069a,GDS-566
3069b,GDS-566
3069bpb0856,GDS-566
3069bpb436,GDS-566
3069bpx19,GDS-566
3070,GDS-613
3070a,GDS-613
3070b,GDS-613
3070bpb089,GDS-613
3172,GDS-90550
3176,GDS-846
3184,GDS-90393
3185,GDS-882
3186,GDS-90460
3245,GDS-804
3245a,GDS-804
3245b,GDS-804
3245c,GDS-804
3297,GDS-732
3298,GDS-584
3299,GDS-979
3300,GDS-1269
3308,GDS-677
3429,GDS-90275
3430,GDS-90276
3456,GDS-527
3460,GDS-506
3464,GDS-90004
3565,GDS-90532
3581,GDS-90438
3587,GDS-90373
3614,GDS-1500
3614a,GDS-1500
3622,GDS-533
3623,GDS-503
3624,GDS-2207
3626,GDS-1417
3633,GDS-881
3639,GDS-1135
3640,GDS-1136
3641,GDS-1071
3647,GDS-1325
3648,GDS-1098
3648a,GDS-1098
3648b,GDS-1098
3649,GDS-1099
3650,GDS-1378
3650a,GDS-1378
3650b,GDS-1378
3650c,GDS-1378
3659,GDS-681
3660,GDS-599
3665,GDS-597
3665a,GDS-597
3666,GDS-505
3673,GDS-892
3675,GDS-1077
3676,GDS-1040
3678,GDS-620
3678a,GDS-620
3678b,GDS-620
3679,GDS-948
3680,GDS-949
3684,GDS-1404
3685,GDS-733
3688,GDS-982
3700,GDS-623
3701,GDS-625
3702,GDS-627
3703,GDS-630
3705,GDS-578
3706,GDS-576
3707,GDS-575
3708,GDS-573
3709,GDS-697
3709a,GDS-697
3709c,GDS-697
3710,GDS-504
3711,GDS-1203
3713,GDS-617
3730,GDS-2186
3737,GDS-574
3738,GDS-699
3741,GDS-1323
3742,GDS-1441
3743,GDS-1171
3747,GDS-598
3747a,GDS-598
3747b,GDS-598
3749,GDS-914
3755,GDS-90320
3787,GDS-90005
3794a,GDS-803
3794b,GDS-803
3795,GDS-512
3811,GDS-1200
3821,GDS-1295
3822,GDS-1296
3823,GDS-1309
3828,GDS-1315
3829,GDS-1314
3830,GDS-810
3831,GDS-809
3832,GDS-514
3833,GDS-90041
3834,GDS-M103
3836,GDS-90054
3837,GDS-2129
3838,GDS-90042
3839,GDS-737
3839a,GDS-737
3839b,GDS-737
3841,GDS-90203
3852,GDS-2028
3861,GDS-90420
3873,GDS-1204
3878,GDS-M100
3894,GDS-626
3895,GDS-582
3899,GDS-M156
3900,GDS-M052
3933,GDS-90305
3934,GDS-90306
3935,GDS-M361
3936,GDS-M360
3937,GDS-829
3938,GDS-828
3939,GDS-1176
3940,GDS-1130
3941,GDS-607
3942,GDS-746
3942a,GDS-746
3942b,GDS-746
3942c,GDS-746
3943,GDS-1086
3943a,GDS-1086
3943b,GDS-1086
3956,GDS-1057
3957,GDS-907
3957a,GDS-907
3957b,GDS-907
3958,GDS-523
3960,GDS-945
3961,GDS-1189
3963,GDS-1139
4006,GDS-90068
4019,GDS-1198
4032,GDS-609
4032a,GDS-609
4032b,GDS-609
4034,GDS-2037
4070,GDS-636
4070a,GDS-636
4079,GDS-1308
4081,GDS-812
4081a,GDS-812
4081b,GDS-812
4083,GDS-728
4085,GDS-814
4085a,GDS-814
4085b,GDS-814
4085c,GDS-814
4095,GDS-90075
4132,GDS-90316
4133,GDS-90315
4150,GDS-611
4151,GDS-1122
4151a,GDS-1122
4151b,GDS-1122
4161,GDS-776
4162,GDS-565
4175,GDS-750
4176,GDS-1489
4182,GDS-M277
4185,GDS-1264
4186,GDS-1201
4213,GDS-90167
4216,GDS-798
4262,GDS-90311
4263,GDS-90309
4265a,GDS-616
4265b,GDS-616
4274,GDS-912
4275,GDS-M173
4276,GDS-M174
4282,GDS-517
4284,GDS-2185
4285,GDS-1289
4285a,GDS-1289
4285b,GDS-1289
4286,GDS-586
4287,GDS-596
4287a,GDS-596
4287b,GDS-596
4287c,GDS-596
4315,GDS-M348
4332,GDS-2075
4342,GDS-2040
4345,GDS-1502
4345a,GDS-1502
4345b,GDS-1502
4346,GDS-1501
4349,GDS-90006
4424,GDS-M235
4445,GDS-736
4447,GDS-2128
4448,GDS-90007
4459,GDS-2235
4460,GDS-619
4460a,GDS-619
4460b,GDS-619
4477,GDS-507
4488,GDS-1061
4489,GDS-2221
4490,GDS-682
4495,GDS-M204
4496,GDS-2130
4510,GDS-1235
4519,GDS-579
4523,GDS-90090
4527,GDS-90518
4528,GDS-1278
4529,GDS-2041
4532,GDS-1299
4533,GDS-1300
4536,GDS-1301
4588,GDS-1153
4589,GDS-606
4590,GDS-1080
4592,GDS-1316
4593,GDS-1317
4594,GDS-1156
4595,GDS-769
4596,GDS-1180
4599,GDS-944
4599a,GDS-944
4599b,GDS-944
4600,GDS-1060
4623,GDS-709
4624,GDS-1070
4625,GDS-M439
4697,GDS-1053
4697a,GDS-1053
4697b,GDS-1053
4716,GDS-1199
4727,GDS-943
4728,GDS-1435
4733,GDS-650
4735,GDS-1297
4738,GDS-2100
4739,GDS-2099
4740,GDS-601
4742,GDS-M280
4790b,GDS-90008
4855,GDS-1124
4856,GDS-1125
4856b,GDS-1125
4861,GDS-981
4864a,GDS-785
4864b,GDS-785
4865,GDS-568
4865a,GDS-568
4865b,GDS-568
4870,GDS-2205
4871,GDS-683
5091,GDS-90554
5092,GDS-90553
5151,GDS-90534
5152,GDS-90510
5292,GDS-F0009
5404,GDS-90556
5520,GDS-90520
5852,GDS-90538
5907,GDS-90527
6002,GDS-2137
6003,GDS-701
6005,GDS-719
6014,GDS-1068
6014b,GDS-1068
6016,GDS-90206
6019,GDS-813
6020,GDS-988
6037,GDS-2073
6039,GDS-2042
6041,GDS-90185
6044,GDS-2105
6060,GDS-720
6063,GDS-1186
6066,GDS-M190
6069,GDS-1584
6070,GDS-M248
6072,GDS-2168
6079,GDS-90417
6081,GDS-712
6082,GDS-90270
6083,GDS-2148
6086,GDS-M433
6091,GDS-654
6105,GDS-90511
6106,GDS-702
6107,GDS-2146
6108,GDS-676
6111,GDS-537
6112,GDS-538
6120,GDS-90426
6124,GDS-2035
6126b,GDS-2142
6134,GDS-830
6135,GDS-2081
6140,GDS-729
6141,GDS-615
6143,GDS-607
6148,GDS-1440
6152,GDS-90009
6153,GDS-1066
6153a,GDS-1066
6153b,GDS-1066
6154,GDS-765
6155,GDS-1401
6157,GDS-1062
6177,GDS-1187
6178,GDS-M049
6179,GDS-794
6180,GDS-757
6182,GDS-680
6183,GDS-856
6187,GDS-M359
6190,GDS-1534
6191,GDS-863
6192,GDS-1115
6212,GDS-90334
6215,GDS-722
6216,GDS-90522
6218,GDS-1134
6222,GDS-951
6223,GDS-540
6231,GDS-1043
6232,GDS-953
6233,GDS-1047
6238,GDS-1488
6239,GDS-1510
6246d,GDS-90251
6249,GDS-955
6251,GDS-M1161
6254,GDS-2023
6255,GDS-1449
6256,GDS-M200
6259,GDS-1134
6269,GDS-20891
6536,GDS-926
6538,GDS-1287
6538a,GDS-1287
6538b,GDS-1287
6539,GDS-1343
6541,GDS-622
6542,GDS-1402
6542a,GDS-1402
6542b,GDS-1402
6553,GDS-928
6556,GDS-2038
6558,GDS-888
6562,GDS-914
6564,GDS-595
6565,GDS-594
6572,GDS-1028
6573,GDS-1334
6575,GDS-1084
6583,GDS-90037
6587,GDS-909
6588,GDS-1324
6589,GDS-1101
6590,GDS-617
6628,GDS-903
6629,GDS-672
6630,GDS-1170
6632,GDS-689
6636,GDS-564
6641,GDS-1195
6936,GDS-2033
7126,GDS-90265
8871,GDS-F0019
8881,GDS-F0003
8882,GDS-F0004
8883,GDS-F0006
8884,GDS-F0002
8885,GDS-F0001
8886,GDS-F0012
10048,GDS-90138
10067,GDS-20902
10164,GDS-90142
10169,GDS-90077
10172,GDS-90057
10183,GDS-2174
10187,GDS-2209
10197,GDS-924
10201,GDS-638
10202,GDS-1116
10247,GDS-848
10288,GDS-922
10313,GDS-1061
10314,GDS-863
10884,GDS-1443
10928,GDS-1100
11089,GDS-90187
11090,GDS-1058
11100,GDS-2151
11153,GDS-658
11203,GDS-855
11211,GDS-634
11212,GDS-518
11213,GDS-843
11214,GDS-929
11215,GDS-713
11245,GDS-90220
11253,GDS-M232
11267,GDS-2072
11269,GDS-90496
11272,GDS-940
11291,GDS-1265
11302,GDS-90302
11303,GDS-2029
11399,GDS-758
11402d,GDS-90207
11437,GDS-M4631
11455,GDS-1003
11458,GDS-811
11476,GDS-815
11477,GDS-656
11478,GDS-691
11568,GDS-90100
11602,GDS-90084
11609,GDS-90488
11610,GDS-1138
11833,GDS-842
11946,GDS-1183
11947,GDS-1184
11950,GDS-1464
11954,GDS-1012
11955,GDS-1512
11957,GDS-1506
12787,GDS-F0008
12885,GDS-90263
12888,GDS-M1262
12891,GDS-90076
12897,GDS-2158
12939,GDS-678
13251,GDS-90235
13269,GDS-90010
13349,GDS-1124
13392,GDS-2101
13459,GDS-M199
13547,GDS-731
13548,GDS-802
13564,GDS-90049
13731,GDS-950
13756,GDS-90119
13760,GDS-90118
13786,GDS-90232
13808,GDS-M181
13965,GDS-717
13971,GDS-1160
14045,GDS-90134
14137,GDS-90422
14181,GDS-897
14395,GDS-715
14413,GDS-711
14417,GDS-849
14418,GDS-851
14419,GDS-904
14682,GDS-1344
14704,GDS-850
14707,GDS-676
14716,GDS-865
14718,GDS-787
14719,GDS-567
14720,GDS-1002
14769,GDS-611
14769pb001,GDS-611
14769pb027,GDS-611
14769pr1003,GDS-611
15038,GDS-1227
15068,GDS-659
15070,GDS-869
15071,GDS-1337
15082,GDS-90055
15092,GDS-1191
15100,GDS-925
15207,GDS-861
15208,GDS-871
15209,GDS-1271
15210,GDS-M291
15254,GDS-678
15279,GDS-1448
15332,GDS-789
15362,GDS-90240
15379,GDS-1204
15392,GDS-90285
15395,GDS-1224
15397,GDS-710
15403,GDS-90284
15406,GDS-1182
15413,GDS-1232
15429,GDS-M153
15456,GDS-1052
15458,GDS-1163
15459,GDS-1128
15460,GDS-90012
15461,GDS-1035
15462,GDS-908
15469,GDS-2043
15470,GDS-90501
15496,GDS-90217
15500,GDS-2172
15533,GDS-632
15535,GDS-965
15540,GDS-90390
15571,GDS-834
15573,GDS-803
15672,GDS-832
15677,GDS-2086
15679,GDS-2167
15706,GDS-727
15712,GDS-818
15745,GDS-2017
15967,GDS-720
16529,GDS-2095
16577,GDS-677
16770,GDS-90490
17114,GDS-977
17485,GDS-1054
18352,GDS-M304
18395,GDS-90234
18575,GDS-1103
18624,GDS-1080
18646,GDS-705
18649,GDS-734
18651,GDS-930
18653,GDS-857
18654,GDS-604
18671,GDS-714
18674,GDS-1041
18677,GDS-854
18746,GDS-90236
18759,GDS-984
18838,GDS-676
18853,GDS-90241
18892,GDS-1081
18895,GDS-2219
18896,GDS-2220
18897,GDS-90231
18909,GDS-90130
18910,GDS-M326
18920,GDS-M180
18938,GDS-1358
18939,GDS-1359
18944,GDS-1024
18945,GDS-1009
18946,GDS-1106
18947,GDS-1144
18948,GDS-1036
18970,GDS-2092
18972,GDS-90015
18973,GDS-21121
18974,GDS-2021
18975,GDS-1174
18976,GDS-1490
18977,GDS-1491
18978a,GDS-21242
18978b,GDS-21262
18979a,GDS-21261
18979b,GDS-21232
18980,GDS-899
19063,GDS-2094
19119,GDS-1442
19121,GDS-M154
20309,GDS-873
20310,GDS-M150
20430,GDS-1293
20482,GDS-1291
20596,GDS-2150
20684,GDS-90282
20953,GDS-90128
21229,GDS-1166
21445,GDS-1065
21560,GDS-2210
21699,GDS-2114
21709,GDS-90116
22385,GDS-1580
22387,GDS-90407
22388,GDS-837
22390,GDS-90017
22391,GDS-1076
22392,GDS-90115
22411,GDS-90099
22483,GDS-90018
22484,GDS-90463
22667,GDS-1450
22885,GDS-1117
22886,GDS-1405
22888,GDS-706
22889,GDS-687
22890,GDS-852
22961,GDS-934
23186,GDS-2155
23405,GDS-90410
23443,GDS-1298
23799,GDS-1474
23800,GDS-1473
23801,GDS-1466
23945,GDS-90526
23948,GDS-964
23949,GDS-90333
23950,GDS-M226
23969,GDS-1272
23986,GDS-90060
23996,GDS-2169
24014,GDS-21112
24085,GDS-90097
24093,GDS-2161
24116,GDS-1111
24118,GDS-1025
24119,GDS-1011
24120,GDS-M058
24121,GDS-M046
24122,GDS-2230
24130,GDS-90451
24131,GDS-90135
24132,GDS-90452
24201,GDS-795
24204,GDS-90208
24246,GDS-1292
24299,GDS-559
24307,GDS-560
24308b,GDS-21241
24309,GDS-1123
24316,GDS-1279
24324,GDS-2160
24375,GDS-1274
24445,GDS-90368
24482,GDS-90020
24505,GDS-1098
24593,GDS-1127
24599,GDS-1275
24855,GDS-90486
24866,GDS-1436
24946,GDS-90071
24947,GDS-1194
25111,GDS-90104
25214,GDS-1114
25269,GDS-1307
25375,GDS-90021
25386,GDS-2044
25412,GDS-90233
25516,GDS-2031
25892,GDS-90022
25893,GDS-2045
25972,GDS-2156
25975,GDS-M182
25994,GDS-2046
26047,GDS-1290
26139,GDS-90139
26287,GDS-1145
26599,GDS-90323
26601,GDS-1503
26603,GDS-1039
26604,GDS-1046
27150,GDS-2085
27152,GDS-2025
27255,GDS-90186
27256,GDS-90023
27257,GDS-90212
27261,GDS-M449
27263,GDS-1044
27448,GDS-90429
27507,GDS-1276
27925,GDS-1277
27928,GDS-M228
27938,GDS-1376
27940,GDS-1051
27976,GDS-2074
28192,GDS-1484
28326,GDS-90025
28327,GDS-1273
28387,GDS-2051
28466,GDS-2032
28779,GDS-90367
28870,GDS-90489
28924,GDS-90052
29115,GDS-2227
29117b,GDS-21251
29119,GDS-1492
29120,GDS-1493
29685,GDS-90073
30000,GDS-954
30028,GDS-90278
30029,GDS-90027
30031,GDS-M225
30033,GDS-1075
30043,GDS-735
30044,GDS-872
30046,GDS-989
30056,GDS-880
30077,GDS-90421
30089,GDS-2157
30090,GDS-90056
30093,GDS-1438
30094,GDS-1133
30095,GDS-987
30099,GDS-718
30103,GDS-M1272
30104,GDS-90166
30106,GDS-2093
30119,GDS-1360
30124,GDS-2067
30126,GDS-M333
30132,GDS-90108
30134,GDS-90031
30136,GDS-749
30137,GDS-1079
30139,GDS-90525
30145,GDS-867
30148,GDS-2164
30150,GDS-1305
30151,GDS-1049
30151b,GDS-1049
30152,GDS-2079
30153,GDS-1288
30157,GDS-958
30159,GDS-1588
30162,GDS-1048
30165,GDS-741
30166,GDS-90032
30171,GDS-2224
30172,GDS-90131
30176,GDS-1322
30179,GDS-874
30218,GDS-2097
30222,GDS-90053
30229,GDS-M220
30236,GDS-652
30237a,GDS-651
30237b,GDS-651
30249,GDS-M230
30261,GDS-2122
30340,GDS-2052
30350,GDS-896
30350a,GDS-896
30350b,GDS-896
30350c,GDS-896
30355,GDS-M213
30356,GDS-M214
30357,GDS-570
30360,GDS-M097
30361,GDS-772
30361a,GDS-772
30362,GDS-1345
30363,GDS-775
30364,GDS-826
30365,GDS-827
30367,GDS-742
30367a,GDS-742
30367b,GDS-742
30367c,GDS-742
30374,GDS-883
30375,GDS-M368
30377,GDS-999
30382,GDS-752
30383,GDS-824
30384,GDS-M372
30385,GDS-2022
30386,GDS-1119
30387,GDS-1120
30388,GDS-1083
30389,GDS-1082
30389a,GDS-1082
30389b,GDS-1082
30390,GDS-1192
30390a,GDS-1192
30390b,GDS-1192
30395,GDS-M090
30410,GDS-90137
30414,GDS-637
30503,GDS-554
30504,GDS-700
30505,GDS-600
30526,GDS-957
30540,GDS-1094
30541,GDS-1093
30552,GDS-1218
30553,GDS-1219
30554,GDS-1142
30554a,GDS-1142
30554b,GDS-1142
30562,GDS-774
30565,GDS-569
30586,GDS-747
30592,GDS-1190
30602,GDS-1015
30603,GDS-M477
30647,GDS-2084
30663,GDS-2131
30925,GDS-M493
30987,GDS-90070
32000,GDS-624
32001,GDS-698
32002,GDS-986
32005,GDS-1027
32006,GDS-967
32009,GDS-968
32013,GDS-916
32014,GDS-921
32015,GDS-920
32016,GDS-918
32017,GDS-693
32018,GDS-629
32019,GDS-1578
32028,GDS-806
32034,GDS-917
32039,GDS-931
32054,GDS-923
32056,GDS-692
32059,GDS-704
32062,GDS-580
32063,GDS-694
32064,GDS-633
32064a,GDS-633
32064b,GDS-633
32065,GDS-695
32068,GDS-1172
32069,GDS-1173
32072,GDS-1179
32073,GDS-577
32083,GDS-90048
32123,GDS-616
32123a,GDS-616
32123b,GDS-616
32124,GDS-900
32125,GDS-983
32126,GDS-1004
32138,GDS-868
32140,GDS-671
32184,GDS-935
32187,GDS-1263
32192,GDS-919
32198,GDS-1104
32199,GDS-1471
32200,GDS-1467
32201,GDS-1468
32202,GDS-1469
32209,GDS-886
32235,GDS-1470
32249,GDS-990
32250,GDS-970
32251,GDS-1181
32269,GDS-1103
32270,GDS-1102
32271,GDS-674
32278,GDS-668
32291,GDS-927
32293,GDS-1212
32294,GDS-1213
32316,GDS-664
32324,GDS-971
32333,GDS-1031
32348,GDS-673
32449,GDS-690
32474,GDS-1056
32494,GDS-1147
32498,GDS-1110
32523,GDS-663
32524,GDS-665
32525,GDS-583
32526,GDS-675
32527,GDS-1346
32528,GDS-1347
32529,GDS-938
32530,GDS-937
32531,GDS-973
32532,GDS-974
32534,GDS-1348
32535,GDS-1349
32555,GDS-991
32556,GDS-891
32557,GDS-996
32580,GDS-1472
32602,GDS-2162
32606,GDS-2118
32607,GDS-1576
32627,GDS-90362
32739,GDS-1536
32802,GDS-2226
32803,GDS-1270
32828,GDS-1570
32905,GDS-1199
32932,GDS-M425
32952,GDS-1485
33048,GDS-M1151
33051,GDS-1447
33085,GDS-1446
33121,GDS-2024
33122,GDS-2096
33125,GDS-2053
33172,GDS-1444
33176,GDS-90226
33183,GDS-1445
33212,GDS-90354
33243,GDS-1118
33291,GDS-839
33299,GDS-966
33299a,GDS-966
33299b,GDS-966
33303,GDS-1177
33320,GDS-M205
33492,GDS-90059
33909,GDS-1483
34103,GDS-1504
34172,GDS-2054
34816,GDS-90028
35044,GDS-90033
35185,GDS-1497
35186,GDS-1496
35188,GDS-1494
35189,GDS-1495
35345,GDS-1509
35375,GDS-90262
35442,GDS-90034
35446,GDS-805
35459,GDS-M258
35463,GDS-2180
35464,GDS-835
35470,GDS-2138
35473,GDS-90324
35477,GDS-90336
35480,GDS-1403
35574,GDS-90085
35649,GDS-90283
35654,GDS-90188
35660,GDS-90145
35700,GDS-90062
35787,GDS-90492
35789,GDS-M492
36036,GDS-2163
36752,GDS-90229
36840,GDS-1567
36841,GDS-1377
37352,GDS-M063
37383,GDS-1498
37695,GDS-90503
37762,GDS-90069
37775,GDS-90035
37776,GDS-2165
38014,GDS-90127
38317,GDS-90133
38320,GDS-90095
38583,GDS-90078
38585,GDS-90079
39262,GDS-2200
39611,GDS-805
39613,GDS-90039
39739,GDS-2175
39789,GDS-1565
39790,GDS-1566
39793,GDS-1537
39794,GDS-1538
40066,GDS-90449
40234,GDS-M1162
40243,GDS-2036
40244,GDS-1400
40378,GDS-90504
40379,GDS-M2062
40490,GDS-666
40902,GDS-1085
40918c01,GDS-F0099
41239,GDS-667
41334,GDS-2119
41475,GDS-F0100
41530,GDS-M095
41531,GDS-M350
41532,GDS-1143
41539,GDS-528
41669,GDS-1360
41677,GDS-688
41678,GDS-992
41682,GDS-90491
41740,GDS-723
41747,GDS-745
41748,GDS-744
41749,GDS-M060
41750,GDS-M059
41751,GDS-21122
41762,GDS-655
41763,GDS-739
41764,GDS-767
41765,GDS-766
41766,GDS-1516
41767,GDS-593
41768,GDS-592
41769,GDS-549
41770,GDS-548
41835,GDS-90074
41854,GDS-90238
41855,GDS-90318
41862,GDS-M247
41897,GDS-1230
41948,GDS-90535
42003,GDS-936
42021,GDS-1354
42022,GDS-655
42023,GDS-739
42060,GDS-760
42061,GDS-761
42205,GDS-90443
42409,GDS-M468
42445,GDS-1327
42446,GDS-1165
42448,GDS-90432
42509,GDS-90500
42511,GDS-90351
42529,GDS-2014
42531,GDS-1518
42610,GDS-1267
42862,GDS-90044
42876,GDS-M1152
42918,GDS-M362
43093,GDS-913
43122,GDS-1339
43337,GDS-861
43708,GDS-2199
43710,GDS-755
43711,GDS-754
43712,GDS-898
43713,GDS-1126
43719,GDS-726
43720,GDS-1167
43721,GDS-1168
43722,GDS-547
43723,GDS-546
43753,GDS-M113
43857,GDS-662
43888,GDS-1326
43892,GDS-M301
43898,GDS-978
44126,GDS-753
44224,GDS-994
44225,GDS-995
44237,GDS-543
44294,GDS-777
44300,GDS-M216
44301,GDS-820
44301a,GDS-820
44301b,GDS-820
44302,GDS-821
44302a,GDS-821
44302b,GDS-821
44309,GDS-1234
44352,GDS-1341
44353,GDS-1342
44358,GDS-90314
44359,GDS-90313
44374,GDS-1045
44375,GDS-1188
44375a,GDS-1188
44375b,GDS-1188
44567,GDS-822
44567a,GDS-822
44567b,GDS-822
44568,GDS-894
44570,GDS-1132
44661,GDS-M470
44675,GDS-M231
44676,GDS-895
44728,GDS-641
44771,GDS-1228
44809,GDS-993
44822,GDS-1131
44861,GDS-819
45301,GDS-768
45590,GDS-90161
45677,GDS-1266
46212,GDS-740
46372,GDS-1564
46835,GDS-90260
47397,GDS-708
47398,GDS-707
47407,GDS-759
47452,GDS-1286
47455,GDS-1091
47456,GDS-M018
47457,GDS-800
47458,GDS-1507
47753,GDS-730
47755,GDS-1508
47758,GDS-90389
47759,GDS-756
47844,GDS-2147
47847,GDS-1304
47905,GDS-649
47994,GDS-1032
47998,GDS-758
48002,GDS-M432
48092,GDS-743
48165,GDS-1168
48168,GDS-1357
48169,GDS-1087
48170,GDS-1089
48171,GDS-1088
48172,GDS-1090
48183,GDS-725
48205,GDS-90047
48208,GDS-90046
48310,GDS-90155
48336,GDS-645
48452,GDS-1356
48496,GDS-1006
48723,GDS-90506
48729,GDS-1000
48729a,GDS-1000
48729b,GDS-1000
48812,GDS-M1261
48933,GDS-1584
48989,GDS-960
48995,GDS-M134
49097,GDS-90051
49307,GDS-M255
49308,GDS-90092
49309,GDS-90087
49311,GDS-90328
49577,GDS-90036
49612,GDS-2133
49661,GDS-90498
49668,GDS-870
49736,GDS-90378
50303,GDS-770
50304,GDS-553
50305,GDS-552
50373,GDS-947
50450,GDS-1313
50451,GDS-779
50745,GDS-1318
50746,GDS-833
50747,GDS-2204
50862,GDS-2202
50923,GDS-1155
50943,GDS-1355
50946,GDS-90350
50947,GDS-90159
50948,GDS-2195
50949,GDS-90349
50950,GDS-657
50951,GDS-1482
50955,GDS-M159
50956,GDS-M160
50990b,GDS-90355
51011,GDS-1481
51239,GDS-2178
51266,GDS-2179
51270,GDS-90058
51283,GDS-90219
51739,GDS-555
52031,GDS-1302
52107,GDS-648
52494,GDS-90218
52501,GDS-686
52730,GDS-15631
52731,GDS-15632
53118,GDS-90211
53119,GDS-90098
53400,GDS-M285
53401,GDS-M2841
53451,GDS-1462
53585,GDS-1056
53989,GDS-1312
54091,GDS-90067
54120,GDS-1511
54200,GDS-833
54383,GDS-550
54384,GDS-551
55013,GDS-885
55236,GDS-M431
55423,GDS-M290
55615,GDS-1005
55706,GDS-90083
55976,GDS-1282
55978,GDS-1233
55981,GDS-1157
55982,GDS-1158
56145,GDS-1231
56890,GDS-2184
56898,GDS-90453
56903,GDS-90352
56904,GDS-M233
56907,GDS-90281
56908,GDS-1229
57515,GDS-1033
57519,GDS-1226
57520,GDS-1092
57585,GDS-933
57783,GDS-1513
57894,GDS-764
57895,GDS-877
57906,GDS-M195
57909,GDS-976
58088,GDS-M071
58119,GDS-F0003
58123a,GDS-F0002
58176,GDS-942
58177,GDS-90063
58181,GDS-1176
58380,GDS-1514
58381,GDS-1515
58827,GDS-M217
58846,GDS-1223
59230,GDS-998
59231,GDS-M303
59232,GDS-2223
59233,GDS-90094
59349,GDS-773
59363,GDS-M109
59426,GDS-886
59443,GDS-915
59895,GDS-2113
59900,GDS-606
60032,GDS-784
60208,GDS-M234
60212,GDS-1064
60219,GDS-684
60470,GDS-816
60470a,GDS-816
60470b,GDS-816
60471,GDS-823
60474,GDS-841
60475,GDS-647
60475a,GDS-647
60475b,GDS-647
60476,GDS-724
60477,GDS-587
60478,GDS-646
60479,GDS-508
60481,GDS-618
60483,GDS-669
60484,GDS-670
60485,GDS-778
60581,GDS-751
60583,GDS-738
60583b,GDS-738
60592,GDS-783
60593,GDS-782
60594,GDS-780
60596,GDS-874
60598,GDS-1095
60599,GDS-1096
60601,GDS-791
60602,GDS-879
60603,GDS-878
60607,GDS-790
60608,GDS-792
60614,GDS-793
60616,GDS-763
60616a,GDS-763
60616b,GDS-763
60621,GDS-90431
60623,GDS-876
60657,GDS-1221
60658,GDS-1222
60800,GDS-90439
60803,GDS-877
60808,GDS-2030
60849,GDS-1311
60897,GDS-814
61069,GDS-M030
61070,GDS-1113
61071,GDS-1112
61072,GDS-1197
61184,GDS-906
61252,GDS-813
61254,GDS-1161
61345,GDS-90442
61409,GDS-838
61480,GDS-1573
61481,GDS-1281
61482,GDS-M281
61485,GDS-893
61487,GDS-90114
61506,GDS-90524
61678,GDS-658
61780,GDS-M283
61903,GDS-F0027
61904,GDS-1427
61975,GDS-M300
62113,GDS-M142
62361,GDS-M099
62462,GDS-887
62531,GDS-1010
62696,GDS-2068
62698,GDS-2177
62701,GDS-90066
62810,GDS-M112
62821,GDS-1151
63082,GDS-1072
63864,GDS-562
63868,GDS-817
63869,GDS-939
63965,GDS-905
64178,GDS-1001
64179,GDS-972
64225,GDS-762
64228,GDS-F0011
64276,GDS-1154
64390,GDS-M193
64391,GDS-1016
64392,GDS-1022
64393,GDS-1333
64394,GDS-1021
64448,GDS-1196
64450,GDS-90279
64451,GDS-1059
64566,GDS-90325
64567,GDS-962
64570,GDS-90326
64644,GDS-911
64645,GDS-90271
64647,GDS-M179
64648,GDS-2120
64651,GDS-M407
64680,GDS-1020
64681,GDS-1332
64682,GDS-1023
64683,GDS-1017
64727,GDS-1582
64781,GDS-1169
64782,GDS-1008
64799,GDS-571
65066,GDS-90450
65138,GDS-90465
65140,GDS-90533
65249,GDS-90189
65413,GDS-1542
65414,GDS-1541
65416,GDS-2213
65422,GDS-M459
65426,GDS-90174
65429,GDS-90175
65509,GDS-90201
65578,GDS-2192
65617,GDS-2189
65632,GDS-21272
65633,GDS-21271
65635,GDS-90230
65734,GDS-90109
65826,GDS-90156
66727,GDS-90353
66789,GDS-90348
66857,GDS-90043
66909,GDS-90290
66913,GDS-90280
66956,GDS-90340
67095,GDS-21072
67140,GDS-2212
67141,GDS-M460
67142,GDS-M4571
67329,GDS-90082
67446,GDS-90427
67810,GDS-2181
67811,GDS-90171
68013,GDS-90040
68196,GDS-M4572
68211,GDS-90470
68297,GDS-90344
68325,GDS-90091
68568,GDS-2191
69729,GDS-2187
69761,GDS-90149
69762,GDS-90148
69778,GDS-90146
69779,GDS-90147
69819,GDS-90150
69906,GDS-90363
69911,GDS-21031
70490,GDS-90462
70681,GDS-2183
70695,GDS-2049
71075,GDS-1574
71076,GDS-1574
71128,GDS-90376
71682,GDS-2048
71689,GDS-21032
71708,GDS-2016
71709,GDS-2047
71710,GDS-2083
72454,GDS-685
72824,GDS-90272
73090b,GDS-F0176
73109,GDS-90177
73111,GDS-90288
73117,GDS-90370
73230,GDS-2196
73507,GDS-1589
73590,GDS-90164
73682,GDS-90297
73825,GDS-2140
73831,GDS-90178
73983,GDS-808
74611,GDS-90289
74698,GDS-1152
74967,GDS-90277
75348,GDS-F0101
75904,GDS-21152
75937,GDS-1075
76537,GDS-F0013
76766,GDS-1129
76768,GDS-715
76795,GDS-90286
76797,GDS-90162
76959,GDS-599
77180,GDS-90224
77182,GDS-90223
77765,GDS-90157
77808,GDS-90337
77813,GDS-90499
78256,GDS-90199
78257,GDS-90168
78258,GDS-90287
78329,GDS-90026
78443,GDS-2144
78444,GDS-2143
78666,GDS-90163
78886,GDS-90181
79389,GDS-2141
79393,GDS-2182
79491,GDS-90158
79505,GDS-90456
79756,GDS-90338
79757,GDS-90339
80015,GDS-90141
80177,GDS-90253
80178,GDS-90252
80267,GDS-2194
80268,GDS-2193
80274,GDS-90153
80278,GDS-90152
80284,GDS-90154
80285,GDS-90151
80286,GDS-90249
80497,GDS-M301
80543,GDS-90528
80563,GDS-90457
80683,GDS-90444
84954,GDS-90464
85080,GDS-799
85557,GDS-M289
85558,GDS-M288
85861,GDS-603
85940,GDS-2190
85941,GDS-1164
85943,GDS-1073
85959,GDS-2206
85970,GDS-950
85974,GDS-90195
85975,GDS-M239
85984,GDS-661
86035,GDS-M101
86208,GDS-1220
86500,GDS-M246
86652,GDS-1579
86876,GDS-90466
87079,GDS-614
87080,GDS-1019
87081,GDS-952
87082,GDS-959
87083,GDS-581
87086,GDS-1018
87087,GDS-635
87407,GDS-1105
87408,GDS-1030
87414,GDS-1071
87421,GDS-M194
87544,GDS-781
87552,GDS-785
87559,GDS-2208
87580,GDS-805
87585,GDS-2117
87609,GDS-1175
87611,GDS-1587
87612,GDS-90123
87613,GDS-90124
87615,GDS-1586
87618,GDS-963
87620,GDS-610
87697,GDS-1069
87747,GDS-1583
87751,GDS-90113
87761,GDS-1007
87926,GDS-1137
87989,GDS-2055
87990,GDS-90144
87994,GDS-884
87995,GDS-2154
88003,GDS-F0005
88072,GDS-709
88289,GDS-1329
88292,GDS-858
88293,GDS-1078
88323,GDS-1214
88393,GDS-M367
88516,GDS-1505
88517,GDS-1340
88646,GDS-980
88704,GDS-2135
88930,GDS-859
89201,GDS-2218
89522,GDS-20882
89523,GDS-840
90194,GDS-725
90195,GDS-786
90201,GDS-M278
90202,GDS-1178
90393,GDS-2056
90609,GDS-1207
90611,GDS-1208
90612,GDS-1209
90640,GDS-90303
90641,GDS-90304
91049,GDS-90360
91405,GDS-530
91501,GDS-1042
91884,GDS-M297
91988,GDS-516
92013,GDS-1206
92084,GDS-M1271
92092,GDS-1306
92099,GDS-844
92107,GDS-845
92258,GDS-2078
92262,GDS-1140
92263,GDS-1141
92280,GDS-819
92290,GDS-M4342
92338,GDS-90165
92402,GDS-1159
92409,GDS-1481
92410,GDS-1299
92438,GDS-529
92474,GDS-90262
92579,GDS-90467
92582,GDS-825
92584,GDS-M192
92585,GDS-90111
92589,GDS-875
92590,GDS-90089
92593,GDS-723
92690,GDS-961
92691,GDS-90213
92692,GDS-771
92693,GDS-F0014
92738,GDS-21151
92746,GDS-M114
92906,GDS-1146
92907,GDS-1029
92908,GDS-1486
92909,GDS-1465
92910,GDS-1539
92911,GDS-1540
92946,GDS-832
92947,GDS-748
92950,GDS-679
93061,GDS-1216
93069,GDS-90170
93080c,GDS-M4341
93080f,GDS-21022
93081a,GDS-90126
93081b,GDS-90122
93081c,GDS-90120
93082,GDS-90096
93082h,GDS-20391
93082i,GDS-20392
93089,GDS-90136
93090,GDS-90222
93091,GDS-90221
93092,GDS-2176
93094,GDS-2020
93095,GDS-2027
93140,GDS-1294
93160,GDS-2222
93217,GDS-90110
93221,GDS-2159
93222,GDS-90065
93223,GDS-90143
93273,GDS-831
93274,GDS-639
93348,GDS-90341
93549,GDS-2057
93551,GDS-2018
93552,GDS-2026
93553,GDS-M4632
93555,GDS-90273
93559,GDS-90086
93568,GDS-2058
93571,GDS-1205
93594,GDS-90038
93604,GDS-1577
93606,GDS-660
93609,GDS-1215
93888,GDS-544
94531,GDS-90266
94925,GDS-1097
95120,GDS-1131
95188,GDS-90469
95227,GDS-M408
95228,GDS-20892
95326,GDS-2149
95327,GDS-90160
95342,GDS-90101
95343,GDS-M245
95344,GDS-2077
95673,GDS-90105
95820,GDS-651
95831,GDS-2059
95832,GDS-90121
96479,GDS-2060
96482,GDS-2061
96483,GDS-2062
96488,GDS-2063
96491,GDS-2064
96874,GDS-716
96910,GDS-1499
98100,GDS-946
98134,GDS-90112
98137,GDS-2225
98138,GDS-612
98138pb027,GDS-612
98138pb028,GDS-612
98138pb066,GDS-612
98138pr0008,GDS-612
98139,GDS-20881
98263,GDS-1121
98282,GDS-1319
98283,GDS-631
98284,GDS-1050
98285,GDS-975
98286,GDS-853
98302,GDS-1338
98368,GDS-2166
98369,GDS-90103
98374,GDS-90061
98375,GDS-90317
98381,GDS-90106
98382,GDS-2121
98383,GDS-2091
98385,GDS-90117
98386,GDS-2098
98397,GDS-1310
98549,GDS-90369
98560,GDS-1404
98577,GDS-997
98585,GDS-1074
98587,GDS-90494
98726,GDS-90107
98834,GDS-M251
98835,GDS-90243
98989,GDS-941
99008,GDS-910
99009,GDS-1335
99010,GDS-1336
99012,GDS-1026
99021,GDS-985
99206,GDS-801
99207,GDS-642
99240,GDS-2173
99249,GDS-90064
99301,GDS-860
99498,GDS-F0010
99499,GDS-F0005
99563,GDS-1499
99773,GDS-969
99774,GDS-90298
99780,GDS-643
99781,GDS-640
99784,GDS-1327
99798,GDS-F0088
G90398,GDS-M373
gds1418,GDS-1418
gds1420,GDS-1420
gds1421,GDS-1421
gds1422,GDS-1422
gds1423,GDS-1423
gds1424,GDS-1424
gds1544,GDS-1544
gds1553,GDS-1553
gds1593,GDS-1593
gds2082,GDS-2082
gds2145,GDS-2145
gds90248,GDS-90248
gds90292,GDS-90292
gds90295,GDS-90295
gds90487,GDS-90487
gdsf0375,GDS-F0375
gdsf0392,GDS-F0392
nan,GDS-1543
x104,GDS-M107
